{
    "A": {
        "paired" : {
            "k": 0.3146640447,
            "t": -2.118602351
        },
        "unpaired" : {
            "k": 0.997568854,
            "t": -0.9497727393
        }
    },
    "C": {
        "paired" : {
            "k": 0.4536549189,
            "t": -2.525121753
        },
        "unpaired" : {
            "k": 0.7960273654,
            "t": -1.598290642
        }
    },
    "G": {
        "paired" : {
            "k": 0.3607764847,
            "t": -2.065437383
        },
        "unpaired" : {
            "k": 0.7175884215,
            "t": -0.9349060146
        }
    },
    "U": {
        "paired" : {
            "k": 0.3820697829,
            "t": -2.391501329
        },
        "unpaired" : {
            "k": 0.6217085081,
            "t": -0.8960615316
        }
    }
}
