{
    "k":{
        "paired":{
            "A":0.3146640447,
            "C":0.4536549189,
            "G":0.3607764847,
            "U":0.3820697829
        },
        "unpaired":{
            "A":0.997568854,
            "C":0.7960273654,
            "G":0.7175884215,
            "U":0.6217085081

        }
    },
    "t":{
        "paired":{
            "A":-2.118602351,
            "C":-2.525121753,
            "G":-2.065437383,
            "U":-2.391501329
        },
        "unpaired":{
            "A":-0.9497727393,
            "C":-1.598290642,
            "G":-0.9349060146,
            "U":-0.8960615316
        }
    }
}
